Kamden,Abbott,General,255747402,1/1/2017,1/31/2017,115.15
Lillie,Acevedo,General,105782247,1/1/2017,1/31/2017,98.20
Semaj,Acosta,General,239035989,1/1/2017,1/31/2017,133.80
Alexus,Adams,General,255735414,1/1/2017,1/31/2017,121.15
Alma,Adkins,Operating ,239110914,1/1/2017,1/31/2017,100.10
London,Aguilar,General,255746403,1/1/2017,1/31/2017,115.65
Evelin,Aguirre,General,155759643,1/1/2017,1/31/2017,109.35
Bryan,Alexander,General,205768008,1/1/2017,1/31/2017,105.00
Ashly,Ali,General,255723426,1/1/2017,1/31/2017,127.15
Yuliana,Allen,General,205738038,1/1/2017,1/31/2017,120.00
Jocelyn,Alvarado,General,122418735,1/1/2017,1/31/2017,113.25
Reynaldo,Andersen,Operating,189074577,1/1/2017,1/31/2017,118.45
Toby,Anderson,General,155752650,1/1/2017,1/31/2017,112.85
Dayana,Andrade,General,222435465,1/1/2017,1/31/2017,104.55
Kayden,Andrews,General,189070581,1/1/2017,1/31/2017,120.45
Joaquin,Anthony,General,189042609,1/1/2017,1/31/2017,132.23
Moises,Archer,General,122413740,1/1/2017,1/31/2017,115.75
Aydan,Arellano,General,105751278,1/1/2017,1/31/2017,113.70
Payton,Arias,General,205715061,1/1/2017,1/31/2017,130.75
Antwan,Armstrong,General,189079572,1/1/2017,1/31/2017,115.95
Abdullah,Arnold,General,222427473,1/1/2017,1/31/2017,108.55
Wade,Arroyo,General,205758018,1/1/2017,1/31/2017,110.00
Collin,Ashley,General,139097181,1/1/2017,1/31/2017,107.30
Phoebe,Atkins,Operating,205755021,1/1/2017,1/31/2017,111.50
Faith,Atkinson,General,255721428,1/1/2017,1/31/2017,128.15
Zachary,Austin,General,122439714,1/1/2017,1/31/2017,102.75
Mary,Avery,General,172451076,1/1/2017,1/31/2017,96.90
Belen,Avila,General,189046605,1/1/2017,1/31/2017,131.23
Alexa,Ayala,General,189077574,1/1/2017,1/31/2017,116.95
Serenity,Ayers,General,139075203,1/1/2017,1/31/2017,118.30
Jamie,Bailey,General,172365162,1/1/2017,1/31/2017,134.95
Dereon,Baird,General,122425728,1/1/2017,1/31/2017,109.75
Savanah,Baker,General,122417736,1/1/2017,1/31/2017,113.75
Paxton,Baldwin,General,155714688,1/1/2017,1/31/2017,130.93
Viviana,Ball,General,189105546,1/1/2017,1/31/2017,102.95
Ean,Ballard,General,205753023,1/1/2017,1/31/2017,112.50
Xavier,Banks,General,222409491,1/1/2017,1/31/2017,117.55
Alonzo,Barajas,General,139035243,1/1/2017,1/31/2017,134.15
Krystal,Barber,Operating ,222437463,1/1/2017,1/31/2017,103.55
Jakayla,Barker,General,105698331,1/1/2017,1/31/2017,135.10
Madyson,Barnes,General,172456071,1/1/2017,1/31/2017,94.40
Grant,Barnett,General,189099552,1/1/2017,1/31/2017,105.95
Liana,Barr,Operating ,255761388,1/1/2017,1/31/2017,108.15
Chase,Barrera,General,205763013,1/1/2017,1/31/2017,107.50
Armando,Barrett,General,189086565,1/1/2017,1/31/2017,112.45
Cedric,Barron,General,189034617,1/1/2017,1/31/2017,134.23
Izabelle,Barry,General,105766263,1/1/2017,1/31/2017,106.20
Scarlett,Bartlett,Operating ,122373780,1/1/2017,1/31/2017,132.88
Franco,Barton,Operating,172424103,1/1/2017,1/31/2017,110.40
Deja,Bass,General,255759390,1/1/2017,1/31/2017,109.15
Riley,Bates,General,105772257,1/1/2017,1/31/2017,103.20
Kimora,Bauer,General,139032246,1/1/2017,1/31/2017,134.90
Kiersten,Bautista,General,189053598,1/1/2017,1/31/2017,128.95
Isaac,Baxter,General,155718684,1/1/2017,1/31/2017,129.85
Anabel,Bean,General,172414113,1/1/2017,1/31/2017,115.40
Matthew,Beard,General,155708694,1/1/2017,1/31/2017,132.43
Rosa,Beasley,General,122384769,1/1/2017,1/31/2017,130.13
Hailey,Beck,General,139072206,1/1/2017,1/31/2017,119.80
Ezekiel,Becker,General,189054597,1/1/2017,1/31/2017,128.45
Shaniya,Bell,General,105787242,1/1/2017,1/31/2017,95.70
Tatiana,Beltran,General,239054970,1/1/2017,1/31/2017,128.10
Celeste,Bender,General,239051973,1/1/2017,1/31/2017,129.60
Finn,Benitez,General,239075949,1/1/2017,1/31/2017,117.60
Greyson,Benjamin,General,139095183,1/1/2017,1/31/2017,108.30
Valerie,Bennett,Operating ,222414486,1/1/2017,1/31/2017,115.05
Zara,Benson,Operating ,139047231,1/1/2017,1/31/2017,131.15
Dominique,Bentley,General,122443710,1/1/2017,1/31/2017,100.75
Andres,Benton,General,189094557,1/1/2017,1/31/2017,108.45
Jayda,Berg,General,239052972,1/1/2017,1/31/2017,129.10
Izabella,Berger,General,189091560,1/1/2017,1/31/2017,109.95
Gauge,Bernard,General,122374779,1/1/2017,1/31/2017,132.63
Kaleigh,Berry,General,155770632,1/1/2017,1/31/2017,103.85
Melody,Bird,Operating,189035616,1/1/2017,1/31/2017,133.98
Raquel,Bishop,Operating,139084194,1/1/2017,1/31/2017,113.80
Julianne,Black,General,155740662,1/1/2017,1/31/2017,118.85
Tommy,Blackburn,Operating,155757645,1/1/2017,1/31/2017,110.35
Marissa,Blackwell,General,239114910,1/1/2017,1/31/2017,98.10
Ryan,Blair,General,122436717,1/1/2017,1/31/2017,104.25
Kody,Blake,General,172412115,1/1/2017,1/31/2017,116.40
Zack,Blankenship,Operating ,189067584,1/1/2017,1/31/2017,121.95
Bryanna,Blevins,Operating,255699450,1/1/2017,1/31/2017,134.58
Carla,Bolton,General,172375152,1/1/2017,1/31/2017,132.45
Ivy,Bond,General,189119532,1/1/2017,1/31/2017,95.95
Alyssa,Bonilla,General,189111540,1/1/2017,1/31/2017,99.95
Amina,Booker,General,172420107,1/1/2017,1/31/2017,112.40
Eileen,Boone,General,205730046,1/1/2017,1/31/2017,124.00
Maria,Booth,Operating ,255738411,1/1/2017,1/31/2017,119.65
Nyla,Bowen,Operating,205725051,1/1/2017,1/31/2017,126.50
Mathias,Bowers,General,139058220,1/1/2017,1/31/2017,126.80
Linda,Bowman,General,139034244,1/1/2017,1/31/2017,134.40
Jesus,Boyd,General,139113165,1/1/2017,1/31/2017,99.30
Kamora,Boyer,General,105762267,1/1/2017,1/31/2017,108.20
Rocco,Boyle,General,155725677,1/1/2017,1/31/2017,126.35
Hunter,Bradford,General,155758644,1/1/2017,1/31/2017,109.85
Nicole,Bradley,General,122455698,1/1/2017,1/31/2017,94.75
Easton,Bradshaw,General,189115536,1/1/2017,1/31/2017,97.95
Emanuel,Brady,General,255781368,1/1/2017,1/31/2017,98.15
August,Branch,General,222370530,1/1/2017,1/31/2017,133.53
Bennett,Brandt,General,155736666,1/1/2017,1/31/2017,120.85
Timothy,Braun,General,122391762,1/1/2017,1/31/2017,126.75
Kieran,Bray,General,239084940,1/1/2017,1/31/2017,113.10
Jane,Brennan,General,155735667,1/1/2017,1/31/2017,121.35
Greta,Brewer,General,122381772,1/1/2017,1/31/2017,130.88
Chad,Bridges,General,189073578,1/1/2017,1/31/2017,118.95
Zaniyah,Bright,Operating,239094930,1/1/2017,1/31/2017,108.10
Libby,Brock,General,255698451,1/1/2017,1/31/2017,134.83
Tiffany,Brooks,General,139039239,1/1/2017,1/31/2017,133.15
Payton,Browning,General,139037241,1/1/2017,1/31/2017,133.65
Kaylyn,Bruce,General,222374526,1/1/2017,1/31/2017,132.53
Glenn,Bryan,General,205747029,1/1/2017,1/31/2017,115.50
Jovanny,Bryant,Operating,139054224,1/1/2017,1/31/2017,128.80
Nathanael,Buchanan,Operating,239055969,1/1/2017,1/31/2017,127.60
Hayden,Buck,General,222436464,1/1/2017,1/31/2017,104.05
Jessie,Buckley,General,122406747,1/1/2017,1/31/2017,119.25
Briley,Bullock,General,205696080,1/1/2017,1/31/2017,135.50
Cindy,Burgess,General,105786243,1/1/2017,1/31/2017,96.20
Jared,Burke,Operating,139031247,1/1/2017,1/31/2017,135.15
Bo,Burnett,General,222397503,1/1/2017,1/31/2017,123.55
Roberto,Burns,General,139112166,1/1/2017,1/31/2017,99.80
Carter,Burton,General,255697452,1/1/2017,1/31/2017,135.08
Lilah,Bush,General,255776373,1/1/2017,1/31/2017,100.65
Ashlyn,Butler,General,189040611,1/1/2017,1/31/2017,132.73
Bradyn,Byrd,General,205698078,1/1/2017,1/31/2017,135.00
Melvin,Cabrera,Operating ,239064960,1/1/2017,1/31/2017,123.10
Callum,Cain,General,222413487,1/1/2017,1/31/2017,115.55
Malcolm,Calderon,General,122451702,1/1/2017,1/31/2017,96.75
Kallie,Caldwell,Operating ,222391509,1/1/2017,1/31/2017,126.55
Keshawn,Calhoun,General,189028623,1/1/2017,1/31/2017,135.73
Eleanor,Callahan,General,222369531,1/1/2017,1/31/2017,133.78
Jessie,Camacho,General,255733416,1/1/2017,1/31/2017,122.15
Clare,Cameron,General,239042982,1/1/2017,1/31/2017,132.05
Carlo,Campbell,General,155782620,1/1/2017,1/31/2017,97.85
Reid,Campos,Operating ,172440087,1/1/2017,1/31/2017,102.40
Deshawn,Cannon,General,205700076,1/1/2017,1/31/2017,134.50
Jaylene,Cantrell,General,122440713,1/1/2017,1/31/2017,102.25
Abril,Cantu,General,205711065,1/1/2017,1/31/2017,131.75
Shirley,Cardenas,Operating,239101923,1/1/2017,1/31/2017,104.60
Odin,Carey,General,239059965,1/1/2017,1/31/2017,125.60
Paityn,Carlson,General,205749027,1/1/2017,1/31/2017,114.50
Keagan,Carney,General,139053225,1/1/2017,1/31/2017,129.30
Bailey,Carpenter,General,105780249,1/1/2017,1/31/2017,99.20
Maya,Carr,General,222367533,1/1/2017,1/31/2017,134.28
Kristen,Carrillo,General,172449078,1/1/2017,1/31/2017,97.90
Dario,Carroll,General,255711438,1/1/2017,1/31/2017,131.58
Beckham,Carson,General,239029995,1/1/2017,1/31/2017,135.30
Aryana,Carter,General,155698704,1/1/2017,1/31/2017,134.93
Seamus,Case,Operating,122403750,1/1/2017,1/31/2017,120.75
Francisco,Casey,General,205722054,1/1/2017,1/31/2017,128.00
Eden,Castaneda,General,155761641,1/1/2017,1/31/2017,108.35
Pamela,Castro,General,122371782,1/1/2017,1/31/2017,133.38
Iyana,Cervantes,General,155783619,1/1/2017,1/31/2017,97.35
Addisyn,Chambers,General,189096555,1/1/2017,1/31/2017,107.45
Sterling,Chan,General,155764638,1/1/2017,1/31/2017,106.85
Ali,Chandler,General,155701701,1/1/2017,1/31/2017,134.18
Dakota,Chaney,General,122415738,1/1/2017,1/31/2017,114.75
Laney,Chang,General,172372155,1/1/2017,1/31/2017,133.20
Lorena,Chapman,General,189069582,1/1/2017,1/31/2017,120.95
Cade,Charles,General,105785244,1/1/2017,1/31/2017,96.70
Kiana,Chase,Operating ,205741035,1/1/2017,1/31/2017,118.50
Ibrahim,Chavez,General,122367786,1/1/2017,1/31/2017,134.38
Meredith,Chen,General,222379521,1/1/2017,1/31/2017,131.28
Ada,Cherry,General,139050228,1/1/2017,1/31/2017,130.40
Marisa,Choi,General,122453700,1/1/2017,1/31/2017,95.75
Nyasia,Christensen,General,105735294,1/1/2017,1/31/2017,121.70
Ahmed,Christian,Operating ,155789613,1/1/2017,1/31/2017,94.35
Javon,Chung,General,222412488,1/1/2017,1/31/2017,116.05
Mariela,Church,General,255780369,1/1/2017,1/31/2017,98.65
Jaylah,Cisneros,General,155721681,1/1/2017,1/31/2017,128.35
Jack,Clark,General,255767382,1/1/2017,1/31/2017,105.15
Mylee,Clarke,General,189076575,1/1/2017,1/31/2017,117.45
Remington,Clay,General,222434466,1/1/2017,1/31/2017,105.05
Jamarion,Clayton,General,222448452,1/1/2017,1/31/2017,98.05
Josephine,Clements,General,122385768,1/1/2017,1/31/2017,129.75
Livia,Cline,General,239089935,1/1/2017,1/31/2017,110.60
Deanna,Cobb,General,205733043,1/1/2017,1/31/2017,122.50
Mekhi,Cochran,General,155729673,1/1/2017,1/31/2017,124.35
Anika,Coffey,General,172384143,1/1/2017,1/31/2017,130.20
Dorian,Cohen,General,255762387,1/1/2017,1/31/2017,107.65
Brisa,Cole,Operating,255745404,1/1/2017,1/31/2017,116.15
Logan,Coleman,General,222362538,1/1/2017,1/31/2017,135.53
Rowan,Collier,General,172393134,1/1/2017,1/31/2017,125.90
Hugh,Collins,General,205773003,1/1/2017,1/31/2017,102.50
Ace,Colon,General,155741661,1/1/2017,1/31/2017,118.35
Gemma,Combs,General,105743286,1/1/2017,1/31/2017,117.70
Pablo,Compton,General,239099925,1/1/2017,1/31/2017,105.60
Amirah,Conley,General,172380147,1/1/2017,1/31/2017,131.20
Angelo,Conner,General,155779623,1/1/2017,1/31/2017,99.35
Brandon,Conrad,General,122376777,1/1/2017,1/31/2017,132.13
Jason,Contreras,General,122412741,1/1/2017,1/31/2017,116.25
Brock,Conway,Operating,172454073,1/1/2017,1/31/2017,95.40
Giovanna,Cook,General,122446707,1/1/2017,1/31/2017,99.25
Raven,Cooke,General,255765384,1/1/2017,1/31/2017,106.15
Aliya,Cooley,General,205766010,1/1/2017,1/31/2017,106.00
Abagail,Cooper,General,139042236,1/1/2017,1/31/2017,132.40
Layne,Copeland,General,122393760,1/1/2017,1/31/2017,125.75
Sullivan,Cordova,General,239046978,1/1/2017,1/31/2017,131.05
Leonel,Cortez,General,205714062,1/1/2017,1/31/2017,131.00
Nikolas,Costa,General,205721055,1/1/2017,1/31/2017,128.50
Daphne,Cowan,General,255779370,1/1/2017,1/31/2017,99.15
Johnny,Cox,General,255773376,1/1/2017,1/31/2017,102.15
Johnathan,Craig,General,105773256,1/1/2017,1/31/2017,102.70
Landin,Crane,General,239104920,1/1/2017,1/31/2017,103.10
Makenzie,Crawford,General,205783992,1/1/2017,1/31/2017,97.00
Theresa,Crosby,General,139066212,1/1/2017,1/31/2017,122.80
Spencer,Cross,General,222422478,1/1/2017,1/31/2017,111.05
Craig,Cruz,General,189056595,1/1/2017,1/31/2017,127.45
Chana,Cuevas,General,222361539,1/1/2017,1/31/2017,135.78
Jaqueline,Cunningham,General,222386514,1/1/2017,1/31/2017,129.05
Rebekah,Curry,General,239108916,1/1/2017,1/31/2017,101.10
Sadie,Curtis,General,189095556,1/1/2017,1/31/2017,107.95
Virginia,Dalton,General,172400127,1/1/2017,1/31/2017,122.40
Quinn,Daniel,General,122386767,1/1/2017,1/31/2017,129.25
Sherlyn,Daniels,General,139102176,1/1/2017,1/31/2017,104.80
Enzo,Daugherty,General,155709693,1/1/2017,1/31/2017,132.18
Jamar,Davenport,General,105781248,1/1/2017,1/31/2017,98.70
Brenton,David,General,205757019,1/1/2017,1/31/2017,110.50
Gabrielle,Davidson,General,189052599,1/1/2017,1/31/2017,129.45
Orion,Davies,Operating,205777998,1/1/2017,1/31/2017,100.00
Marco,Davila,General,122388765,1/1/2017,1/31/2017,128.25
Clark,Davis,General,189066585,1/1/2017,1/31/2017,122.45
Gavin,Dawson,General,122370783,1/1/2017,1/31/2017,133.63
Jazlyn,Day,General,155700702,1/1/2017,1/31/2017,134.43
Shayna,Dean,General,189059592,1/1/2017,1/31/2017,125.95
Malia,Decker,General,105765264,1/1/2017,1/31/2017,106.70
Jasper,Delacruz,General,239065959,1/1/2017,1/31/2017,122.60
Zayne,Deleon,General,122424729,1/1/2017,1/31/2017,110.25
Bryant,Delgado,General,105703326,1/1/2017,1/31/2017,133.85
Lennon,Dennis,General,239095929,1/1/2017,1/31/2017,107.60
Troy,Diaz,General,205776999,1/1/2017,1/31/2017,100.50
Nick,Dickerson,General,205785990,1/1/2017,1/31/2017,96.00
Amanda,Dickson,General,255777372,1/1/2017,1/31/2017,100.15
Maribel,Dillon,General,139051227,1/1/2017,1/31/2017,130.15
Jaydan,Dodson,General,139089189,1/1/2017,1/31/2017,111.30
Gerald,Dominguez,General,222449451,1/1/2017,1/31/2017,97.55
Leonardo,Donaldson,General,139110168,1/1/2017,1/31/2017,100.80
Peter,Donovan,General,105759270,1/1/2017,1/31/2017,109.70
Kaylin,Dorsey,Operating,222398502,1/1/2017,1/31/2017,123.05
Catalina,Dougherty,General,172425102,1/1/2017,1/31/2017,109.90
Neil,Douglas,General,205699077,1/1/2017,1/31/2017,134.75
Kenzie,Downs,General,172404123,1/1/2017,1/31/2017,120.40
Damian,Doyle,General,205728048,1/1/2017,1/31/2017,125.00
Nathanial,Drake,General,222424476,1/1/2017,1/31/2017,110.05
Emilee,Duarte,General,255702447,1/1/2017,1/31/2017,133.83
Karly,Dudley,General,155717685,1/1/2017,1/31/2017,130.18
Stephanie,Duffy,General,155786616,1/1/2017,1/31/2017,95.85
Kolten,Duke,General,205765011,1/1/2017,1/31/2017,106.50
Vaughn,Duncan,General,255778371,1/1/2017,1/31/2017,99.65
Khloe,Dunn,General,155713689,1/1/2017,1/31/2017,131.18
Lee,Duran,General,222415485,1/1/2017,1/31/2017,114.55
Tyree,Durham,General,222408492,1/1/2017,1/31/2017,118.05
Bailey,Dyer,General,205703073,1/1/2017,1/31/2017,133.75
Aron,Eaton,General,205734042,1/1/2017,1/31/2017,122.00
Jaslene,Edwards,General,105771258,1/1/2017,1/31/2017,103.70
Aleah,Elliott,Operating,172431096,1/1/2017,1/31/2017,106.90
Anabella,Ellis,General,139079199,1/1/2017,1/31/2017,116.30
Alia,Ellison,General,172413114,1/1/2017,1/31/2017,115.90
Dallas,English,General,122437716,1/1/2017,1/31/2017,103.75
Gerardo,Erickson,General,222373527,1/1/2017,1/31/2017,132.78
Antony,Escobar,General,155742660,1/1/2017,1/31/2017,117.85
Cash,Esparza,General,239074950,1/1/2017,1/31/2017,118.10
Layla,Espinoza,General,139108170,1/1/2017,1/31/2017,101.80
Cornelius,Estes,Operating ,105723306,1/1/2017,1/31/2017,127.70
Colby,Estrada,General,205784991,1/1/2017,1/31/2017,96.50
Ava,Evans,General,222363537,1/1/2017,1/31/2017,135.28
Jay,Everett,General,255705444,1/1/2017,1/31/2017,133.08
Denise,Ewing,General,139036242,1/1/2017,1/31/2017,133.90
Zander,Farley,General,222432468,1/1/2017,1/31/2017,106.05
Immanuel,Farmer,General,222443457,1/1/2017,1/31/2017,100.55
Jabari,Farrell,General,122432721,1/1/2017,1/31/2017,106.25
Sydney,Faulkner,General,139055223,1/1/2017,1/31/2017,128.30
Brendon,Ferguson,General,255753396,1/1/2017,1/31/2017,112.15
Martha,Fernandez,General,239034990,1/1/2017,1/31/2017,134.05
Lucian,Figueroa,General,105740289,1/1/2017,1/31/2017,119.20
Thaddeus,Finley,Operating ,155766636,1/1/2017,1/31/2017,105.85
Emmalee,Fischer,General,239045979,1/1/2017,1/31/2017,131.30
Aaron,Fisher,General,155769633,1/1/2017,1/31/2017,104.35
Ingrid,Fitzgerald,General,255717432,1/1/2017,1/31/2017,130.08
Brittany,Fleming,Operating,189081570,1/1/2017,1/31/2017,114.95
Christian,Fletcher,General,172422105,1/1/2017,1/31/2017,111.40
Manuel,Flores,General,255755394,1/1/2017,1/31/2017,111.15
Emerson,Flowers,Operating ,155720682,1/1/2017,1/31/2017,128.85
Kaley,Floyd,General,222429471,1/1/2017,1/31/2017,107.55
Arturo,Flynn,General,189080571,1/1/2017,1/31/2017,115.45
Maia,Foley,General,172403124,1/1/2017,1/31/2017,120.90
Sophia,Forbes,General,239105919,1/1/2017,1/31/2017,102.60
Margaret,Ford,General,139029249,1/1/2017,1/31/2017,135.65
Roland,Foster,General,255770379,1/1/2017,1/31/2017,103.65
Tanner,Fowler,General,239050974,1/1/2017,1/31/2017,130.05
Sofia,Fox,General,139040238,1/1/2017,1/31/2017,132.90
Noemi,Francis,General,155763639,1/1/2017,1/31/2017,107.35
Misael,Franco,General,222418482,1/1/2017,1/31/2017,113.05
Moses,Frank,General,239112912,1/1/2017,1/31/2017,99.10
Bianca,Franklin,General,222390510,1/1/2017,1/31/2017,127.05
Conor,Frazier,General,239031993,1/1/2017,1/31/2017,134.80
Davon,Frederick,Operating,255752397,1/1/2017,1/31/2017,112.65
Eugene,Freeman,General,155784618,1/1/2017,1/31/2017,96.85
Emilia,French,General,105716313,1/1/2017,1/31/2017,130.60
Sandra,Frey,General,155710692,1/1/2017,1/31/2017,131.93
Maggie,Friedman,General,105788241,1/1/2017,1/31/2017,95.20
Sanaa,Fritz,General,172441086,1/1/2017,1/31/2017,101.90
Ronnie,Frost,General,255758391,1/1/2017,1/31/2017,109.65
Madilyn,Fry,General,189078573,1/1/2017,1/31/2017,116.45
Ana,Frye,General,139060218,1/1/2017,1/31/2017,125.80
Terrell,Fuentes,General,189098553,1/1/2017,1/31/2017,106.45
Heidi,Fuller,General,205776000,1/1/2017,1/31/2017,101.00
Camryn,Gaines,Operating,105714315,1/1/2017,1/31/2017,131.10
Samara,Gallagher,Operating,222421479,1/1/2017,1/31/2017,111.55
Yael,Gallegos,General,222385515,1/1/2017,1/31/2017,129.55
Tabitha,Galloway,General,239109915,1/1/2017,1/31/2017,100.60
Skyla,Galvan,General,139083195,1/1/2017,1/31/2017,114.30
Taliyah,Gamble,General,222365535,1/1/2017,1/31/2017,134.78
Jaidyn,Garcia,General,172436091,1/1/2017,1/31/2017,104.40
Larry,Gardner,General,122416737,1/1/2017,1/31/2017,114.25
Abby,Garner,Operating,222451449,1/1/2017,1/31/2017,96.55
Reginald,Garrett,General,255760389,1/1/2017,1/31/2017,108.65
Tia,Garrison,General,255725424,1/1/2017,1/31/2017,126.15
Gunnar,Garza,General,155749653,1/1/2017,1/31/2017,114.35
Damion,Gates,General,139057221,1/1/2017,1/31/2017,127.30
Shyla,Gay,General,172427100,1/1/2017,1/31/2017,108.90
Ethan,Gentry,General,239067957,1/1/2017,1/31/2017,121.60
Jazlene,George,General,255709440,1/1/2017,1/31/2017,132.08
Makena,Gibbs,General,122438715,1/1/2017,1/31/2017,103.25
Tucker,Gilbert,General,222378522,1/1/2017,1/31/2017,131.53
Britney,Giles,General,222450450,1/1/2017,1/31/2017,97.05
Tyrell,Gill,General,239081943,1/1/2017,1/31/2017,114.60
Dalia,Gillespie,Operating,239071953,1/1/2017,1/31/2017,119.60
Eliana,Gilmore,General,205701075,1/1/2017,1/31/2017,134.25
Sarai,Glass,General,205742034,1/1/2017,1/31/2017,118.00
Mareli,Glenn,General,205746030,1/1/2017,1/31/2017,116.00
Karissa,Glover,General,239057967,1/1/2017,1/31/2017,126.60
Maximilian,Golden,General,239121903,1/1/2017,1/31/2017,94.60
Gabriel,Gomez,General,172392135,1/1/2017,1/31/2017,126.40
Jayden,Gonzales,General,155737665,1/1/2017,1/31/2017,120.35
Ciara,Gonzalez,General,189029622,1/1/2017,1/31/2017,135.48
Hailee,Good,General,172383144,1/1/2017,1/31/2017,130.45
Ellis,Goodman,General,189103548,1/1/2017,1/31/2017,103.95
Tania,Goodwin,General,255728421,1/1/2017,1/31/2017,124.65
Kasey,Gordon,General,122429724,1/1/2017,1/31/2017,107.75
Franklin,Gould,General,239080944,1/1/2017,1/31/2017,115.10
Davion,Graham,General,255736413,1/1/2017,1/31/2017,120.65
Kamron,Grant,Operating ,105700329,1/1/2017,1/31/2017,134.60
Beatrice,Graves,General,189047604,1/1/2017,1/31/2017,130.98
Cordell,Gray,General,105747282,1/1/2017,1/31/2017,115.70
Talon,Green,Operating,122380773,1/1/2017,1/31/2017,131.13
Broderick,Greene,General,105725304,1/1/2017,1/31/2017,126.70
Austin,Greer,General,189057594,1/1/2017,1/31/2017,126.95
Marilyn,Griffin,General,105734295,1/1/2017,1/31/2017,122.20
Aldo,Griffith,General,105713316,1/1/2017,1/31/2017,131.35
Adonis,Gross,General,172407120,1/1/2017,1/31/2017,118.90
Lyla,Guerra,General,105736293,1/1/2017,1/31/2017,121.20
Elijah,Guerrero,Operating ,189044607,1/1/2017,1/31/2017,131.73
Justice,Gutierrez,General,122382771,1/1/2017,1/31/2017,130.63
Valentin,Guzman,General,139094184,1/1/2017,1/31/2017,108.80
Hanna,Haas,General,122448705,1/1/2017,1/31/2017,98.25
Magdalena,Hahn,General,255783366,1/1/2017,1/31/2017,97.15
Calvin,Haley,General,222425475,1/1/2017,1/31/2017,109.55
Sonia,Hall,General,139033245,1/1/2017,1/31/2017,134.65
Ishaan,Hamilton,General,205782993,1/1/2017,1/31/2017,97.50
Denzel,Hammond,General,205736040,1/1/2017,1/31/2017,121.00
Claudia,Hampton,General,239085939,1/1/2017,1/31/2017,112.60
Sammy,Hancock,General,155756646,1/1/2017,1/31/2017,110.85
Emily,Haney,General,255772377,1/1/2017,1/31/2017,102.65
Lexi,Hanna,General,155751651,1/1/2017,1/31/2017,113.35
Jordin,Hansen,General,172379148,1/1/2017,1/31/2017,131.45
Hillary,Hanson,General,239100924,1/1/2017,1/31/2017,105.10
Molly,Hardin,General,205770006,1/1/2017,1/31/2017,104.00
Miah,Harding,General,255756393,1/1/2017,1/31/2017,110.65
Maleah,Hardy,General,139073205,1/1/2017,1/31/2017,119.30
Abbigail,Harmon,General,255724425,1/1/2017,1/31/2017,126.65
Leslie,Harper,General,155771631,1/1/2017,1/31/2017,103.35
Rogelio,Harrell,General,205717059,1/1/2017,1/31/2017,130.25
Selah,Harrington,General,139056222,1/1/2017,1/31/2017,127.80
Reyna,Harris,Operating,105737292,1/1/2017,1/31/2017,120.70
Fatima,Harrison,Operating,155734668,1/1/2017,1/31/2017,121.85
Sarah,Hart,General,105709320,1/1/2017,1/31/2017,132.35
Sarahi,Hartman,Operating,189104547,1/1/2017,1/31/2017,103.45
Raphael,Hawkins,General,255763386,1/1/2017,1/31/2017,107.15
Connor,Hayden,General,105778251,1/1/2017,1/31/2017,100.20
Izayah,Hayes,General,122389764,1/1/2017,1/31/2017,127.75
Noah,Haynes,General,105715314,1/1/2017,1/31/2017,130.85
Darius,Hays,Operating,155780622,1/1/2017,1/31/2017,98.85
Markus,Hebert,General,155787615,1/1/2017,1/31/2017,95.35
Tyler,Henderson,General,139105173,1/1/2017,1/31/2017,103.30
Giovanny,Hendricks,General,189109542,1/1/2017,1/31/2017,100.95
Luca,Hendrix,General,139088190,1/1/2017,1/31/2017,111.80
Monserrat,Henry,General,122398755,1/1/2017,1/31/2017,123.25
Nicolas,Hensley,General,122407746,1/1/2017,1/31/2017,118.75
Cristian,Henson,General,155762640,1/1/2017,1/31/2017,107.85
Jon,Herman,General,105728301,1/1/2017,1/31/2017,125.20
Christine,Hernandez,Operating,155727675,1/1/2017,1/31/2017,125.35
Sanai,Herrera,General,155739663,1/1/2017,1/31/2017,119.35
Alisha,Herring,General,222454446,1/1/2017,1/31/2017,95.05
Skylar,Hess,General,239043981,1/1/2017,1/31/2017,131.80
Leyla,Hester,General,122383770,1/1/2017,1/31/2017,130.38
Marlon,Hickman,General,255712437,1/1/2017,1/31/2017,131.33
Kendrick,Hicks,General,139048230,1/1/2017,1/31/2017,130.90
Jaydin,Higgins,General,205762014,1/1/2017,1/31/2017,108.00
Mireya,Hill,General,122395758,1/1/2017,1/31/2017,124.75
Audrey,Hines,General,255741408,1/1/2017,1/31/2017,118.15
Sara,Hinton,Operating ,172394133,1/1/2017,1/31/2017,125.40
Aspen,Ho,General,105729300,1/1/2017,1/31/2017,124.70
Dwayne,Hobbs,General,105754275,1/1/2017,1/31/2017,112.20
Ryker,Hodge,General,255707442,1/1/2017,1/31/2017,132.58
River,Hodges,General,205775001,1/1/2017,1/31/2017,101.50
Reuben,Hoffman,General,105706323,1/1/2017,1/31/2017,133.10
Kiley,Hogan,General,105777252,1/1/2017,1/31/2017,100.70
Randall,Holden,General,172435092,1/1/2017,1/31/2017,104.90
Mateo,Holder,General,172446081,1/1/2017,1/31/2017,99.40
Trevor,Holland,General,189121530,1/1/2017,1/31/2017,94.95
Corey,Holloway,General,172434093,1/1/2017,1/31/2017,105.40
Averie,Holmes,General,105738291,1/1/2017,1/31/2017,120.20
Marc,Holt,General,139043235,1/1/2017,1/31/2017,132.15
Violet,Hood,Operating ,139093185,1/1/2017,1/31/2017,109.30
Kinley,Hooper,General,189116535,1/1/2017,1/31/2017,97.45
Deven,Hoover,General,222396504,1/1/2017,1/31/2017,124.05
Braxton,Hopkins,General,105741288,1/1/2017,1/31/2017,118.70
Dominic,Horn,General,205704072,1/1/2017,1/31/2017,133.50
Taryn,Horne,General,105705324,1/1/2017,1/31/2017,133.35
Armani,Horton,Operating,122387766,1/1/2017,1/31/2017,128.75
Kash,House,General,155753649,1/1/2017,1/31/2017,112.35
Adyson,Houston,General,222431469,1/1/2017,1/31/2017,106.55
Roger,Howard,General,189089562,1/1/2017,1/31/2017,110.95
Koen,Howe,General,172448079,1/1/2017,1/31/2017,98.40
Milagros,Howell,General,155738664,1/1/2017,1/31/2017,119.85
Tanya,Huang,General,189037614,1/1/2017,1/31/2017,133.48
Taylor,Hubbard,Operating,105760269,1/1/2017,1/31/2017,109.20
Corbin,Huber,Operating ,122396757,1/1/2017,1/31/2017,124.25
Janiah,Hudson,Operating,189058593,1/1/2017,1/31/2017,126.45
Jacob,Huff,Operating ,105746283,1/1/2017,1/31/2017,116.20
Andy,Huffman,General,139076202,1/1/2017,1/31/2017,117.80
Gina,Hughes,General,189032619,1/1/2017,1/31/2017,134.73
Maximillian,Hull,General,255737412,1/1/2017,1/31/2017,120.15
Zoey,Humphrey,General,172445082,1/1/2017,1/31/2017,99.90
Bridget,Hunt,General,122422731,1/1/2017,1/31/2017,111.25
Malik,Hunter,General,205778997,1/1/2017,1/31/2017,99.50
Joanna,Hurley,General,139041237,1/1/2017,1/31/2017,132.65
Myles,Hurst,General,139099179,1/1/2017,1/31/2017,106.30
Paris,Hutchinson,General,105757272,1/1/2017,1/31/2017,110.70
Carlos,Huynh,General,222438462,1/1/2017,1/31/2017,103.05
Caitlyn,Ibarra,Operating,205771005,1/1/2017,1/31/2017,103.50
Jair,Ingram,Operating,222382518,1/1/2017,1/31/2017,130.53
Akira,Irwin,General,172368159,1/1/2017,1/31/2017,134.20
Isiah,Jacobs,General,105784245,1/1/2017,1/31/2017,97.20
Micah,Jacobson,General,122441712,1/1/2017,1/31/2017,101.75
Emmanuel,James,General,172376151,1/1/2017,1/31/2017,132.20
Scott,Jarvis,General,205705071,1/1/2017,1/31/2017,133.25
Kadyn,Jefferson,General,239119905,1/1/2017,1/31/2017,95.60
Brycen,Jenkins,General,172443084,1/1/2017,1/31/2017,100.90
Kole,Jennings,General,189106545,1/1/2017,1/31/2017,102.45
Julius,Jensen,General,222447453,1/1/2017,1/31/2017,98.55
Konner,Jimenez,Operating ,222368532,1/1/2017,1/31/2017,134.03
Ezra,Johns,Operating,239027997,1/1/2017,1/31/2017,135.80
Sydnee,Johnson,General,105748281,1/1/2017,1/31/2017,115.20
Gillian,Johnston,General,105696333,1/1/2017,1/31/2017,135.60
Caitlin,Jones,General,105742287,1/1/2017,1/31/2017,118.20
Amelia,Jordan,General,189118533,1/1/2017,1/31/2017,96.45
Mckinley,Joseph,General,139096182,1/1/2017,1/31/2017,107.80
Erika,Joyce,General,239076948,1/1/2017,1/31/2017,117.10
Lauren,Juarez,General,189063588,1/1/2017,1/31/2017,123.95
Tyrone,Kaiser,General,172367160,1/1/2017,1/31/2017,134.45
Kira,Kane,General,172406121,1/1/2017,1/31/2017,119.40
Paisley,Kaufman,Operating,105753276,1/1/2017,1/31/2017,112.70
Zackary,Keith,General,155728674,1/1/2017,1/31/2017,124.85
Kathy,Keller,Operating ,255715434,1/1/2017,1/31/2017,130.58
Shayla,Kelley,General,255732417,1/1/2017,1/31/2017,122.65
Roy,Kelly,General,105718311,1/1/2017,1/31/2017,130.10
Dominick,Kemp,General,105739290,1/1/2017,1/31/2017,119.70
Noe,Kennedy,General,155706696,1/1/2017,1/31/2017,132.93
Lainey,Kent,General,122423730,1/1/2017,1/31/2017,110.75
Haven,Kerr,General,255716433,1/1/2017,1/31/2017,130.33
Simone,Key,General,189038613,1/1/2017,1/31/2017,133.23
Yaritza,Khan,General,122400753,1/1/2017,1/31/2017,122.25
Joselyn,Kidd,General,105708321,1/1/2017,1/31/2017,132.60
Dalton,Kim,General,105733296,1/1/2017,1/31/2017,122.70
Kale,King,General,255750399,1/1/2017,1/31/2017,113.65
Elisa,Kirby,Operating,255729420,1/1/2017,1/31/2017,124.15
Catherine,Kirk,General,239073951,1/1/2017,1/31/2017,118.60
Justus,Klein,General,205737039,1/1/2017,1/31/2017,120.50
Charity,Kline,General,155722680,1/1/2017,1/31/2017,127.85
Patricia,Knapp,General,139120158,1/1/2017,1/31/2017,95.80
Deon,Knight,General,189100551,1/1/2017,1/31/2017,105.45
Gregory,Knox,General,105775254,1/1/2017,1/31/2017,101.70
Kyle,Koch,General,105731298,1/1/2017,1/31/2017,123.70
Allisson,Kramer,Operating,205748028,1/1/2017,1/31/2017,115.00
Carissa,Krause,General,122408745,1/1/2017,1/31/2017,118.25
Itzel,Krueger,General,172432095,1/1/2017,1/31/2017,106.40
Anahi,Lam,General,255734415,1/1/2017,1/31/2017,121.65
Yadira,Lamb,General,172386141,1/1/2017,1/31/2017,129.40
Javion,Lambert,General,189033618,1/1/2017,1/31/2017,134.48
Andrea,Landry,General,155705697,1/1/2017,1/31/2017,133.18
Mikayla,Lane,General,172444083,1/1/2017,1/31/2017,100.40
Fabian,Lang,General,205754022,1/1/2017,1/31/2017,112.00
Preston,Lara,Operating,139038240,1/1/2017,1/31/2017,133.40
Xzavier,Larsen,General,205720056,1/1/2017,1/31/2017,129.00
Jaquan,Larson,General,189060591,1/1/2017,1/31/2017,125.45
Caleb,Lawrence,General,105702327,1/1/2017,1/31/2017,134.10
Charlotte,Lawson,General,222416484,1/1/2017,1/31/2017,114.05
Arianna,Le,General,139071207,1/1/2017,1/31/2017,120.30
America,Leach,General,139052226,1/1/2017,1/31/2017,129.80
Katelynn,Leblanc,General,172377150,1/1/2017,1/31/2017,131.95
Raiden,Lee,General,122411742,1/1/2017,1/31/2017,116.75
Malakai,Leon,General,222423477,1/1/2017,1/31/2017,110.55
Miley,Leonard,General,239044980,1/1/2017,1/31/2017,131.55
Trent,Lester,General,122447706,1/1/2017,1/31/2017,98.75
Tori,Levine,General,122434719,1/1/2017,1/31/2017,105.25
Karlie,Levy,General,239102922,1/1/2017,1/31/2017,104.10
Lea,Lewis,General,105727302,1/1/2017,1/31/2017,125.70
Paola,Li,General,205726050,1/1/2017,1/31/2017,126.00
Alonso,Lin,General,255743406,1/1/2017,1/31/2017,117.15
Mitchell,Lindsey,General,205727049,1/1/2017,1/31/2017,125.50
Imani,Little,General,155733669,1/1/2017,1/31/2017,122.35
Nicholas,Liu,General,239047977,1/1/2017,1/31/2017,130.80
Brady,Livingston,Operating ,205718058,1/1/2017,1/31/2017,130.00
Muhammad,Lloyd,General,222453447,1/1/2017,1/31/2017,95.55
Allan,Logan,General,172395132,1/1/2017,1/31/2017,124.90
Jovani,Long,General,255754395,1/1/2017,1/31/2017,111.65
Cloe,Lopez,General,139082196,1/1/2017,1/31/2017,114.80
Ally,Love,General,189041610,1/1/2017,1/31/2017,132.48
Baron,Lowe,General,155754648,1/1/2017,1/31/2017,111.85
Chandler,Lowery,General,155767635,1/1/2017,1/31/2017,105.35
Kade,Lozano,Operating,139061217,1/1/2017,1/31/2017,125.30
Clinton,Lucas,General,105724305,1/1/2017,1/31/2017,127.20
Lizbeth,Lucero,General,155768634,1/1/2017,1/31/2017,104.85
Kolby,Luna,General,172398129,1/1/2017,1/31/2017,123.40
Everett,Lynch,General,122362791,1/1/2017,1/31/2017,135.63
Damon,Lynn,General,222399501,1/1/2017,1/31/2017,122.55
Taylor,Lyons,General,105711318,1/1/2017,1/31/2017,131.85
Darian,Macias,General,239028996,1/1/2017,1/31/2017,135.55
Finnegan,Mack,General,255731418,1/1/2017,1/31/2017,123.15
Jameson,Madden,General,139080198,1/1/2017,1/31/2017,115.80
Breanna,Maddox,General,239093931,1/1/2017,1/31/2017,108.60
Rodolfo,Mahoney,General,172453074,1/1/2017,1/31/2017,95.90
Susan,Maldonado,General,172382145,1/1/2017,1/31/2017,130.70
Dashawn,Malone,General,172389138,1/1/2017,1/31/2017,127.90
Angela,Mann,General,122404749,1/1/2017,1/31/2017,120.25
Deandre,Manning,General,172411116,1/1/2017,1/31/2017,116.90
Emerson,Marks,General,105745284,1/1/2017,1/31/2017,116.70
Cynthia,Marquez,General,239088936,1/1/2017,1/31/2017,111.10
Caylee,Marsh,General,139063215,1/1/2017,1/31/2017,124.30
Veronica,Marshall,General,205745031,1/1/2017,1/31/2017,116.50
Chace,Martin,General,205743033,1/1/2017,1/31/2017,117.50
Halle,Martinez,General,189117534,1/1/2017,1/31/2017,96.95
Alisson,Mason,General,239107917,1/1/2017,1/31/2017,101.60
Cael,Massey,Operating,255775374,1/1/2017,1/31/2017,101.15
Delilah,Mata,General,105744285,1/1/2017,1/31/2017,117.20
Kendall,Mathews,General,189114537,1/1/2017,1/31/2017,98.45
Madalynn,Mathis,General,155699703,1/1/2017,1/31/2017,134.68
Jasiah,Matthews,General,172429098,1/1/2017,1/31/2017,107.90
Adrien,May,General,122372781,1/1/2017,1/31/2017,133.13
Karlee,Mayer,General,239115909,1/1/2017,1/31/2017,97.60
Nadia,Maynard,General,155760642,1/1/2017,1/31/2017,108.85
Joshua,Mayo,General,172450077,1/1/2017,1/31/2017,97.40
Laila,Mcbride,General,205756020,1/1/2017,1/31/2017,111.00
Byron,Mccall,General,205789986,1/1/2017,1/31/2017,94.00
Emely,Mccann,General,222446454,1/1/2017,1/31/2017,99.05
Kael,Mccarthy,General,239056968,1/1/2017,1/31/2017,127.10
Ayaan,Mcclain,General,139085193,1/1/2017,1/31/2017,113.30
Edith,Mcclure,General,172455072,1/1/2017,1/31/2017,94.90
Janae,Mcconnell,Operating,172408119,1/1/2017,1/31/2017,118.40
Angelica,Mccormick,General,122378775,1/1/2017,1/31/2017,131.63
Mauricio,Mccoy,General,155715687,1/1/2017,1/31/2017,130.68
India,Mccullough,General,255764385,1/1/2017,1/31/2017,106.65
Russell,Mcdaniel,General,122365788,1/1/2017,1/31/2017,134.88
Davin,Mcdonald,Operating,122410743,1/1/2017,1/31/2017,117.25
Izaiah,Mcdowell,General,222389511,1/1/2017,1/31/2017,127.55
Rachael,Mcfarland,General,239096928,1/1/2017,1/31/2017,107.10
Hayley,Mcgee,General,255742407,1/1/2017,1/31/2017,117.65
Kason,Mcgrath,Operating ,255784365,1/1/2017,1/31/2017,96.65
Joey,Mcguire,General,222426474,1/1/2017,1/31/2017,109.05
Lane,Mcintosh,General,122368785,1/1/2017,1/31/2017,134.13
Jazmine,Mcintyre,General,105752277,1/1/2017,1/31/2017,113.20
Dahlia,Mckay,General,239116908,1/1/2017,1/31/2017,97.10
Mike,Mckee,General,255695454,1/1/2017,1/31/2017,135.58
Tessa,Mckinney,General,189048603,1/1/2017,1/31/2017,130.73
Sophie,Mcknight,General,139049229,1/1/2017,1/31/2017,130.65
Micheal,Mclaughlin,Operating,155773629,1/1/2017,1/31/2017,102.35
Carleigh,Mclean,General,255788361,1/1/2017,1/31/2017,94.65
Yasmine,Mcmahon,General,222364536,1/1/2017,1/31/2017,135.03
Jaida,Mcmillan,General,222402498,1/1/2017,1/31/2017,121.05
Reagan,Mcneil,General,205729047,1/1/2017,1/31/2017,124.50
Regina,Mcpherson,General,105774255,1/1/2017,1/31/2017,102.20
Brodie,Meadows,General,105758271,1/1/2017,1/31/2017,110.20
Iris,Medina,General,155702700,1/1/2017,1/31/2017,133.93
Jermaine,Mejia,Operating ,189113538,1/1/2017,1/31/2017,98.95
Rafael,Melendez,General,222371529,1/1/2017,1/31/2017,133.28
Jenny,Melton,General,139062216,1/1/2017,1/31/2017,124.80
Cooper,Mendez,General,122428725,1/1/2017,1/31/2017,108.25
Amaris,Mendoza,General,222388512,1/1/2017,1/31/2017,128.05
Makaila,Mercado,General,255757392,1/1/2017,1/31/2017,110.15
Gabriela,Mercer,General,239063961,1/1/2017,1/31/2017,123.60
Raymond,Merritt,General,189087564,1/1/2017,1/31/2017,111.95
Howard,Meyer,General,122421732,1/1/2017,1/31/2017,111.75
Amir,Meyers,General,189036615,1/1/2017,1/31/2017,133.73
Arjun,Meza,General,139044234,1/1/2017,1/31/2017,131.90
Kara,Michael,General,172388139,1/1/2017,1/31/2017,128.40
Rigoberto,Middleton,General,222439461,1/1/2017,1/31/2017,102.55
Roderick,Miles,General,105719310,1/1/2017,1/31/2017,129.70
Jovany,Miller,General,239040984,1/1/2017,1/31/2017,132.55
Kyra,Mills,General,255714435,1/1/2017,1/31/2017,130.83
Alexandria,Miranda,General,189083568,1/1/2017,1/31/2017,113.95
Belinda,Mitchell,General,122379774,1/1/2017,1/31/2017,131.38
Tyson,Molina,General,222384516,1/1/2017,1/31/2017,130.03
Aryanna,Monroe,General,239049975,1/1/2017,1/31/2017,130.30
Roman,Montes,General,122399754,1/1/2017,1/31/2017,122.75
Darnell,Montgomery,General,139086192,1/1/2017,1/31/2017,112.80
Kelsie,Montoya,General,122427726,1/1/2017,1/31/2017,108.75
Saniyah,Moody,General,172399128,1/1/2017,1/31/2017,122.90
Nikolai,Moon,General,222404496,1/1/2017,1/31/2017,120.05
Martin,Mooney,General,222442458,1/1/2017,1/31/2017,101.05
Genesis,Moore,General,172405122,1/1/2017,1/31/2017,119.90
Scarlet,Mora,General,205707069,1/1/2017,1/31/2017,132.75
Lawson,Morales,General,172457070,1/1/2017,1/31/2017,93.90
Joseph,Moran,General,139117161,1/1/2017,1/31/2017,97.30
Cora,Moreno,General,105726303,1/1/2017,1/31/2017,126.20
Briana,Morgan,General,105722307,1/1/2017,1/31/2017,128.20
Arabella,Morris,General,205719057,1/1/2017,1/31/2017,129.50
Marcus,Morrison,General,172430097,1/1/2017,1/31/2017,107.40
Alexzander,Morrow,Operating,105730299,1/1/2017,1/31/2017,124.20
Annabella,Morse,General,239030994,1/1/2017,1/31/2017,135.05
Cohen,Morton,General,239097927,1/1/2017,1/31/2017,106.60
Angelina,Moses,General,189049602,1/1/2017,1/31/2017,130.48
Julie,Mosley,General,255708441,1/1/2017,1/31/2017,132.33
Johan,Moss,General,172439088,1/1/2017,1/31/2017,102.90
Angie,Moyer,General,105763266,1/1/2017,1/31/2017,107.70
Harrison,Mueller,General,139074204,1/1/2017,1/31/2017,118.80
Jaylen,Mullen,General,255726423,1/1/2017,1/31/2017,125.65
Jenna,Mullins,General,239039985,1/1/2017,1/31/2017,132.80
Israel,Munoz,General,222407493,1/1/2017,1/31/2017,118.55
Solomon,Murillo,Operating,222428472,1/1/2017,1/31/2017,108.05
Anna,Murray,General,239118906,1/1/2017,1/31/2017,96.10
Rhys,Myers,General,255710439,1/1/2017,1/31/2017,131.83
Ayana,Nash,General,155746656,1/1/2017,1/31/2017,115.85
Eve,Navarro,General,205767009,1/1/2017,1/31/2017,105.50
Agustin,Neal,Operating,105707322,1/1/2017,1/31/2017,132.85
Autumn,Nelson,General,189123528,1/1/2017,1/31/2017,93.95
Brielle,Newman,General,222393507,1/1/2017,1/31/2017,125.55
Ethen,Newton,General,155765637,1/1/2017,1/31/2017,106.35
Sidney,Nguyen,General,139090188,1/1/2017,1/31/2017,110.80
Samson,Nichols,Operating ,122419734,1/1/2017,1/31/2017,112.75
Jonas,Nicholson,General,189112539,1/1/2017,1/31/2017,99.45
Rubi,Nielsen,General,189031620,1/1/2017,1/31/2017,134.98
Julissa,Nixon,General,239106918,1/1/2017,1/31/2017,102.10
Giovanni,Nolan,General,105717312,1/1/2017,1/31/2017,130.35
Levi,Norris,General,205731045,1/1/2017,1/31/2017,123.50
Ariella,Norton,General,222455445,1/1/2017,1/31/2017,94.55
Killian,Novak,General,105720309,1/1/2017,1/31/2017,129.20
Shane,Nunez,General,239036988,1/1/2017,1/31/2017,133.55
Rey,Obrien,General,255701448,1/1/2017,1/31/2017,134.08
Damarion,Ochoa,Operating ,172371156,1/1/2017,1/31/2017,133.45
Melany,Oconnell,General,139121157,1/1/2017,1/31/2017,95.30
Jose,Oconnor,Operating,189051600,1/1/2017,1/31/2017,129.95
Lance,Odom,General,205735041,1/1/2017,1/31/2017,121.50
Aniya,Odonnell,General,189071580,1/1/2017,1/31/2017,119.95
Christopher,Oliver,General,139068210,1/1/2017,1/31/2017,121.80
Janessa,Olsen,General,122369784,1/1/2017,1/31/2017,133.88
Janiyah,Olson,General,222417483,1/1/2017,1/31/2017,113.55
Daniel,Oneal,Operating ,239087937,1/1/2017,1/31/2017,111.60
Raegan,Oneill,General,189092559,1/1/2017,1/31/2017,109.45
Kirsten,Orozco,General,155774628,1/1/2017,1/31/2017,101.85
Leia,Orr,General,172390137,1/1/2017,1/31/2017,127.40
Kaylee,Ortega,General,189055596,1/1/2017,1/31/2017,127.95
Braeden,Ortiz,General,155732670,1/1/2017,1/31/2017,122.85
Lizeth,Osborn,Operating,122364789,1/1/2017,1/31/2017,135.13
Gwendolyn,Osborne,General,105755274,1/1/2017,1/31/2017,111.70
Brooklynn,Owen,General,222420480,1/1/2017,1/31/2017,112.05
Leticia,Owens,General,122402751,1/1/2017,1/31/2017,121.25
Issac,Pace,General,222392508,1/1/2017,1/31/2017,126.05
Hana,Pacheco,General,239111913,1/1/2017,1/31/2017,99.60
Kali,Padilla,General,189068583,1/1/2017,1/31/2017,121.45
Janiya,Page,Operating ,155697705,1/1/2017,1/31/2017,135.18
Yareli,Palmer,General,105779250,1/1/2017,1/31/2017,99.70
Elise,Park,General,189030621,1/1/2017,1/31/2017,135.23
Talia,Parker,General,222403497,1/1/2017,1/31/2017,120.55
Yahir,Parks,General,172442085,1/1/2017,1/31/2017,101.40
Dawson,Parrish,General,222383517,1/1/2017,1/31/2017,130.28
Frank,Parsons,General,155719683,1/1/2017,1/31/2017,129.35
Ariana,Patel,General,139111167,1/1/2017,1/31/2017,100.30
Kamren,Patrick,General,205697079,1/1/2017,1/31/2017,135.25
Danika,Patterson,General,222410490,1/1/2017,1/31/2017,117.05
Rylie,Patton,General,155788614,1/1/2017,1/31/2017,94.85
Haleigh,Paul,General,222452448,1/1/2017,1/31/2017,96.05
Yair,Payne,General,122366787,1/1/2017,1/31/2017,134.63
Fernanda,Pearson,General,222406494,1/1/2017,1/31/2017,119.05
Brent,Peck,General,255703446,1/1/2017,1/31/2017,133.58
Abdiel,Pena,General,239053971,1/1/2017,1/31/2017,128.60
Willow,Perez,General,172387140,1/1/2017,1/31/2017,128.90
Darren,Perkins,General,205716060,1/1/2017,1/31/2017,130.50
Simeon,Perry,Operating,255768381,1/1/2017,1/31/2017,104.65
Adriel,Peters,General,189043608,1/1/2017,1/31/2017,131.98
Junior,Petersen,General,172369158,1/1/2017,1/31/2017,133.95
Megan,Peterson,General,222411489,1/1/2017,1/31/2017,116.55
Katherine,Petty,General,122450703,1/1/2017,1/31/2017,97.25
Khalil,Pham,General,172370157,1/1/2017,1/31/2017,133.70
Krista,Phelps,General,105770259,1/1/2017,1/31/2017,104.20
Darien,Phillips,General,222401499,1/1/2017,1/31/2017,121.55
Rayna,Pierce,General,222381519,1/1/2017,1/31/2017,130.78
Clarissa,Pineda,General,105712317,1/1/2017,1/31/2017,131.60
Kellen,Pitts,General,255789360,1/1/2017,1/31/2017,94.15
Jacquelyn,Pollard,General,122420733,1/1/2017,1/31/2017,112.25
Annika,Ponce,General,122363790,1/1/2017,1/31/2017,135.38
Caden,Poole,General,239068956,1/1/2017,1/31/2017,121.10
Marisol,Pope,General,105767262,1/1/2017,1/31/2017,105.70
Precious,Porter,General,172419108,1/1/2017,1/31/2017,112.90
Fernando,Potter,General,172374153,1/1/2017,1/31/2017,132.70
Nayeli,Potts,General,155776626,1/1/2017,1/31/2017,100.85
Jacoby,Powell,General,189062589,1/1/2017,1/31/2017,124.45
Kenny,Powers,General,205760016,1/1/2017,1/31/2017,109.00
Londyn,Pratt,General,139067211,1/1/2017,1/31/2017,122.30
Triston,Preston,Operating,222375525,1/1/2017,1/31/2017,132.28
Avah,Price,General,122431722,1/1/2017,1/31/2017,106.75
Alan,Prince,General,172397130,1/1/2017,1/31/2017,123.90
Brice,Proctor,General,239122902,1/1/2017,1/31/2017,94.10
Cruz,Pruitt,General,239098926,1/1/2017,1/31/2017,106.10
Coby,Pugh,General,189065586,1/1/2017,1/31/2017,122.95
Felix,Quinn,General,205787988,1/1/2017,1/31/2017,95.00
Saige,Ramirez,General,139109169,1/1/2017,1/31/2017,101.30
Danica,Ramos,General,189101550,1/1/2017,1/31/2017,104.95
Ari,Ramsey,General,122390763,1/1/2017,1/31/2017,127.25
Aisha,Randall,Operating,239078946,1/1/2017,1/31/2017,116.10
Marshall,Randolph,General,239092932,1/1/2017,1/31/2017,109.10
Jayvon,Rangel,General,172410117,1/1/2017,1/31/2017,117.40
Arthur,Rasmussen,General,239090934,1/1/2017,1/31/2017,110.10
Garrett,Ray,General,105710319,1/1/2017,1/31/2017,132.10
Bryson,Raymond,Operating,205702074,1/1/2017,1/31/2017,134.00
Madisyn,Reed,General,172416111,1/1/2017,1/31/2017,114.40
Makenna,Reese,General,155716686,1/1/2017,1/31/2017,130.43
Jaden,Reeves,Operating ,155743659,1/1/2017,1/31/2017,117.35
Hector,Reid,General,189061590,1/1/2017,1/31/2017,124.95
Jean,Reilly,General,222387513,1/1/2017,1/31/2017,128.55
Robert,Reyes,Operating ,205786989,1/1/2017,1/31/2017,95.50
Michaela,Reynolds,General,105750279,1/1/2017,1/31/2017,114.20
Evelyn,Rhodes,General,172437090,1/1/2017,1/31/2017,103.90
Travis,Rice,General,205750026,1/1/2017,1/31/2017,114.00
Giovani,Rich,General,189107544,1/1/2017,1/31/2017,101.95
Trystan,Richard,General,239070954,1/1/2017,1/31/2017,120.10
Karma,Richards,Operating ,172417110,1/1/2017,1/31/2017,113.90
Hayden,Richardson,General,239062962,1/1/2017,1/31/2017,124.10
Oswaldo,Richmond,General,105732297,1/1/2017,1/31/2017,123.20
Miguel,Riddle,General,205706070,1/1/2017,1/31/2017,133.00
Albert,Riggs,General,205712064,1/1/2017,1/31/2017,131.50
Barrett,Riley,General,222394506,1/1/2017,1/31/2017,125.05
Rachel,Rios,General,255739410,1/1/2017,1/31/2017,119.15
Deborah,Ritter,General,105764265,1/1/2017,1/31/2017,107.20
Kelton,Rivas,General,189122529,1/1/2017,1/31/2017,94.45
Messiah,Rivera,General,239077947,1/1/2017,1/31/2017,116.60
Ty,Rivers,General,189045606,1/1/2017,1/31/2017,131.48
Zoie,Roach,Operating,122433720,1/1/2017,1/31/2017,105.75
Hannah,Robbins,General,139046232,1/1/2017,1/31/2017,131.40
Zariah,Roberts,General,122444709,1/1/2017,1/31/2017,100.25
April,Robertson,General,139122156,1/1/2017,1/31/2017,94.80
Uriel,Robinson,General,205774002,1/1/2017,1/31/2017,102.00
Alijah,Robles,General,205713063,1/1/2017,1/31/2017,131.25
Turner,Rocha,General,122401752,1/1/2017,1/31/2017,121.75
Naima,Rodgers,General,189110541,1/1/2017,1/31/2017,100.45
David,Rodriguez,Operating ,189090561,1/1/2017,1/31/2017,110.45
Jessica,Rogers,General,255771378,1/1/2017,1/31/2017,103.15
Donavan,Rojas,General,255751398,1/1/2017,1/31/2017,113.15
Gaige,Roman,General,105761268,1/1/2017,1/31/2017,108.70
Trey,Romero,General,105790239,1/1/2017,1/31/2017,94.20
Luna,Rosales,Operating,255706443,1/1/2017,1/31/2017,132.83
Brooks,Rosario,General,205752024,1/1/2017,1/31/2017,113.00
Landyn,Rose,General,139065213,1/1/2017,1/31/2017,123.30
Heaven,Ross,General,239069955,1/1/2017,1/31/2017,120.60
Abigayle,Roth,General,189039612,1/1/2017,1/31/2017,132.98
Kamari,Rowe,General,139114164,1/1/2017,1/31/2017,98.80
Jayden,Rowland,General,239072952,1/1/2017,1/31/2017,119.10
Makai,Roy,General,205723053,1/1/2017,1/31/2017,127.50
Reagan,Rubio,General,122452701,1/1/2017,1/31/2017,96.25
Liliana,Ruiz,General,139106172,1/1/2017,1/31/2017,102.80
Lena,Rush,Operating,139100178,1/1/2017,1/31/2017,105.80
Ryan,Russell,General,255769380,1/1/2017,1/31/2017,104.15
Keira,Russo,General,222380520,1/1/2017,1/31/2017,131.03
Kaylynn,Ryan,General,205739037,1/1/2017,1/31/2017,119.50
Natasha,Salas,General,189088563,1/1/2017,1/31/2017,111.45
Esteban,Salazar,General,255782367,1/1/2017,1/31/2017,97.65
Dean,Salinas,General,255787362,1/1/2017,1/31/2017,95.15
Kymani,Sampson,Operating ,139070208,1/1/2017,1/31/2017,120.80
Maddison,Sanchez,General,105721308,1/1/2017,1/31/2017,128.70
Carmelo,Sanders,General,222445455,1/1/2017,1/31/2017,99.55
Kyson,Sandoval,General,172364163,1/1/2017,1/31/2017,135.20
Ahmad,Sanford,General,122430723,1/1/2017,1/31/2017,107.25
Darryl,Santana,General,172423104,1/1/2017,1/31/2017,110.90
Noel,Santiago,General,222456444,1/1/2017,1/31/2017,94.05
Alyson,Santos,Operating,222405495,1/1/2017,1/31/2017,119.55
Noelle,Saunders,Operating,255722427,1/1/2017,1/31/2017,127.65
Skyler,Savage,Operating,122456697,1/1/2017,1/31/2017,94.25
Nolan,Sawyer,General,155748654,1/1/2017,1/31/2017,114.85
Eva,Schaefer,General,105749280,1/1/2017,1/31/2017,114.70
Carolyn,Schmitt,General,239058966,1/1/2017,1/31/2017,126.10
Isaiah,Schneider,General,222430470,1/1/2017,1/31/2017,107.05
Elizabeth,Schultz,General,239037987,1/1/2017,1/31/2017,133.30
Rolando,Schwartz,General,205780995,1/1/2017,1/31/2017,98.50
Karley,Scott,General,189085566,1/1/2017,1/31/2017,112.95
Matteo,Sellers,General,205769007,1/1/2017,1/31/2017,104.50
Talan,Serrano,General,172418109,1/1/2017,1/31/2017,113.40
Kaylah,Sexton,General,139087191,1/1/2017,1/31/2017,112.30
Amya,Shaffer,Operating ,122442711,1/1/2017,1/31/2017,101.25
Shiloh,Shah,General,205772004,1/1/2017,1/31/2017,103.00
Mathew,Shannon,General,255740409,1/1/2017,1/31/2017,118.65
Nathalie,Sharp,General,255704445,1/1/2017,1/31/2017,133.33
Tomas,Shaw,General,239061963,1/1/2017,1/31/2017,124.60
Arnav,Shea,General,172366161,1/1/2017,1/31/2017,134.70
Josh,Shelton,General,255748401,1/1/2017,1/31/2017,114.65
Ruben,Shepard,General,172409118,1/1/2017,1/31/2017,117.90
Emmett,Shepherd,General,122454699,1/1/2017,1/31/2017,95.25
Natalya,Sheppard,Operating,105783246,1/1/2017,1/31/2017,97.70
Destiney,Sherman,Operating,139123155,1/1/2017,1/31/2017,94.30
Jakob,Shields,General,255727422,1/1/2017,1/31/2017,125.15
Tamara,Short,General,139118160,1/1/2017,1/31/2017,96.80
Fisher,Silva,General,139069209,1/1/2017,1/31/2017,121.30
Athena,Simmons,General,189102549,1/1/2017,1/31/2017,104.45
Kenley,Simon,General,139064214,1/1/2017,1/31/2017,123.80
Joyce,Simpson,General,155785617,1/1/2017,1/31/2017,96.35
Aracely,Sims,General,239038986,1/1/2017,1/31/2017,133.05
Campbell,Singh,General,122435718,1/1/2017,1/31/2017,104.75
Haylee,Singleton,General,205781994,1/1/2017,1/31/2017,98.00
Shea,Skinner,General,205724052,1/1/2017,1/31/2017,127.00
Alondra,Sloan,General,172428099,1/1/2017,1/31/2017,108.40
Vanessa,Small,General,239113911,1/1/2017,1/31/2017,98.60
Camila,Smith,General,255730419,1/1/2017,1/31/2017,123.65
Jairo,Snow,General,255713436,1/1/2017,1/31/2017,131.08
Kassandra,Snyder,Operating ,239041983,1/1/2017,1/31/2017,132.30
Donte,Solis,Operating,172447080,1/1/2017,1/31/2017,98.90
Anton,Solomon,General,122394759,1/1/2017,1/31/2017,125.25
Zoe,Sosa,General,239082942,1/1/2017,1/31/2017,114.10
Monica,Soto,General,172402125,1/1/2017,1/31/2017,121.40
Maximus,Sparks,Operating,155750652,1/1/2017,1/31/2017,113.85
Boston,Spears,General,172363164,1/1/2017,1/31/2017,135.45
Joslyn,Spence,Operating,139107171,1/1/2017,1/31/2017,102.30
Braelyn,Spencer,Operating,122449704,1/1/2017,1/31/2017,97.75
Luciano,Stafford,Operating,172385142,1/1/2017,1/31/2017,129.90
Phoenix,Stanley,General,105756273,1/1/2017,1/31/2017,111.20
Deangelo,Stanton,General,205761015,1/1/2017,1/31/2017,108.50
Kristian,Stark,Operating,205695081,1/1/2017,1/31/2017,135.75
Gia,Steele,General,239033991,1/1/2017,1/31/2017,134.30
Meadow,Stein,General,155730672,1/1/2017,1/31/2017,123.85
Ariel,Stephens,General,155781621,1/1/2017,1/31/2017,98.35
Jaliyah,Stephenson,Operating,222444456,1/1/2017,1/31/2017,100.05
Harry,Stevens,Operating,155704698,1/1/2017,1/31/2017,133.43
Kelsey,Stevenson,General,205708068,1/1/2017,1/31/2017,132.50
Porter,Stewart,General,172426101,1/1/2017,1/31/2017,109.40
Kailee,Stokes,General,139030248,1/1/2017,1/31/2017,135.40
Hudson,Stone,Operating,122426727,1/1/2017,1/31/2017,109.25
Kaiden,Stout,General,222377523,1/1/2017,1/31/2017,131.78
Karter,Strickland,General,189108543,1/1/2017,1/31/2017,101.45
Elliana,Strong,General,222400500,1/1/2017,1/31/2017,122.05
Bentley,Stuart,General,172452075,1/1/2017,1/31/2017,96.40
Brooklyn,Suarez,General,239079945,1/1/2017,1/31/2017,115.60
Lydia,Sullivan,General,189075576,1/1/2017,1/31/2017,117.95
Quinn,Summers,Operating,172378149,1/1/2017,1/31/2017,131.70
Dylan,Sutton,General,122405748,1/1/2017,1/31/2017,119.75
Jamie,Swanson,General,139091187,1/1/2017,1/31/2017,110.30
Eduardo,Sweeney,General,155703699,1/1/2017,1/31/2017,133.68
Georgia,Tanner,General,222419481,1/1/2017,1/31/2017,112.55
Maren,Tapia,General,255720429,1/1/2017,1/31/2017,128.65
Gabriella,Tate,General,122397756,1/1/2017,1/31/2017,123.75
Ashleigh,Taylor,General,155775627,1/1/2017,1/31/2017,101.35
Josie,Terrell,General,139115163,1/1/2017,1/31/2017,98.30
Donna,Terry,General,172438089,1/1/2017,1/31/2017,103.40
Memphis,Thomas,General,172373154,1/1/2017,1/31/2017,132.95
Chaz,Thompson,General,155777625,1/1/2017,1/31/2017,100.35
Adeline,Thornton,General,255696453,1/1/2017,1/31/2017,135.33
Yasmin,Todd,General,255785364,1/1/2017,1/31/2017,96.15
Ian,Torres,General,122377776,1/1/2017,1/31/2017,131.88
Aubrie,Townsend,General,155747655,1/1/2017,1/31/2017,115.35
Lisa,Tran,General,189082569,1/1/2017,1/31/2017,114.45
Brody,Travis,General,239066958,1/1/2017,1/31/2017,122.10
Tristan,Trevino,General,172396131,1/1/2017,1/31/2017,124.40
Esperanza,Trujillo,General,139103175,1/1/2017,1/31/2017,104.30
Winston,Tucker,General,155744658,1/1/2017,1/31/2017,116.85
Jovanni,Turner,Operating,189120531,1/1/2017,1/31/2017,95.45
Chris,Tyler,Operating,205732044,1/1/2017,1/31/2017,123.00
Delaney,Underwood,General,255786363,1/1/2017,1/31/2017,95.65
Davis,Valdez,Operating ,205764012,1/1/2017,1/31/2017,107.00
Jocelynn,Valencia,General,155724678,1/1/2017,1/31/2017,126.85
Zion,Valentine,General,122445708,1/1/2017,1/31/2017,99.75
Camilla,Valenzuela,General,189050601,1/1/2017,1/31/2017,130.23
Amy,Vance,General,239086938,1/1/2017,1/31/2017,112.10
Lia,Vargas,General,122409744,1/1/2017,1/31/2017,117.75
Orlando,Vasquez,General,205751025,1/1/2017,1/31/2017,113.50
Tatum,Vaughan,General,155707695,1/1/2017,1/31/2017,132.68
Amber,Vaughn,General,239120904,1/1/2017,1/31/2017,95.10
Zavier,Vazquez,General,255718431,1/1/2017,1/31/2017,129.65
Jillian,Vega,General,155731671,1/1/2017,1/31/2017,123.35
Harmony,Velasquez,General,189084567,1/1/2017,1/31/2017,113.45
Cameron,Velazquez,General,155712690,1/1/2017,1/31/2017,131.43
Rylee,Velez,Operating,172401126,1/1/2017,1/31/2017,121.90
Mariana,Villa,Operating,205709067,1/1/2017,1/31/2017,132.25
London,Villanueva,General,105789240,1/1/2017,1/31/2017,94.70
Esmeralda,Villarreal,General,172433094,1/1/2017,1/31/2017,105.90
Devyn,Villegas,General,139078200,1/1/2017,1/31/2017,116.80
Bryce,Vincent,Operating,172362165,1/1/2017,1/31/2017,135.70
Jackson,Wade,Operating ,105769260,1/1/2017,1/31/2017,104.70
Nora,Walker,General,139119159,1/1/2017,1/31/2017,96.30
Ashtyn,Wall,General,155778624,1/1/2017,1/31/2017,99.85
Caroline,Wallace,General,205744032,1/1/2017,1/31/2017,117.00
Michelle,Waller,General,255774375,1/1/2017,1/31/2017,101.65
Thomas,Walls,Operating,239048976,1/1/2017,1/31/2017,130.55
Taniyah,Walsh,General,139104174,1/1/2017,1/31/2017,103.80
Alyvia,Walter,General,155723679,1/1/2017,1/31/2017,127.35
Kaia,Walters,General,172391136,1/1/2017,1/31/2017,126.90
Mackenzie,Walton,General,105704325,1/1/2017,1/31/2017,133.60
Jax,Wang,Operating,239032992,1/1/2017,1/31/2017,134.55
Lilyana,Ward,General,222372528,1/1/2017,1/31/2017,133.03
Jeremiah,Ware,Operating,105776253,1/1/2017,1/31/2017,101.20
Yadiel,Warner,General,255700449,1/1/2017,1/31/2017,134.33
Elsa,Warren,General,205740036,1/1/2017,1/31/2017,119.00
Gaven,Washington,General,255744405,1/1/2017,1/31/2017,116.65
Cherish,Waters,General,239083941,1/1/2017,1/31/2017,113.60
Grayson,Watson,General,222366534,1/1/2017,1/31/2017,134.53
Reese,Watts,General,122414739,1/1/2017,1/31/2017,115.25
Alexis,Weaver,General,255719430,1/1/2017,1/31/2017,129.15
Tristian,Webb,General,189072579,1/1/2017,1/31/2017,119.45
Santiago,Weber,General,222433467,1/1/2017,1/31/2017,105.55
Dayanara,Webster,General,205710066,1/1/2017,1/31/2017,132.00
Miriam,Weeks,General,139101177,1/1/2017,1/31/2017,105.30
Arely,Weiss,General,255694455,1/1/2017,1/31/2017,135.83
Wyatt,Welch,General,139092186,1/1/2017,1/31/2017,109.80
Jayvion,Wells,General,172415112,1/1/2017,1/31/2017,114.90
Jadon,Werner,General,139059219,1/1/2017,1/31/2017,126.30
Reece,West,General,172381146,1/1/2017,1/31/2017,130.95
Dayton,Wheeler,General,239103921,1/1/2017,1/31/2017,103.60
Bridger,Whitaker,General,172421106,1/1/2017,1/31/2017,111.90
Landen,White,Operating,239117907,1/1/2017,1/31/2017,96.60
Mercedes,Whitehead,Operating,139077201,1/1/2017,1/31/2017,117.30
Cyrus,Whitney,General,139045233,1/1/2017,1/31/2017,131.65
Julio,Wiggins,General,205788987,1/1/2017,1/31/2017,94.50
Kadence,Wilcox,General,189093558,1/1/2017,1/31/2017,108.95
Anaya,Wiley,General,155696706,1/1/2017,1/31/2017,135.43
Saniya,Wilkerson,General,222395505,1/1/2017,1/31/2017,124.55
Sariah,Wilkins,General,239060964,1/1/2017,1/31/2017,125.10
Rene,Wilkinson,General,189064587,1/1/2017,1/31/2017,123.45
Duncan,Williams,General,205759017,1/1/2017,1/31/2017,109.50
Octavio,Williamson,General,122375778,1/1/2017,1/31/2017,132.38
Kiara,Wilson,General,105701328,1/1/2017,1/31/2017,134.35
Leland,Winters,General,155755647,1/1/2017,1/31/2017,111.35
Sergio,Wise,General,105697332,1/1/2017,1/31/2017,135.35
Kaelyn,Wolf,General,222440460,1/1/2017,1/31/2017,102.05
Helena,Wolfe,General,222376524,1/1/2017,1/31/2017,132.03
Karina,Wong,General,222441459,1/1/2017,1/31/2017,101.55
Charlize,Woodard,General,255749400,1/1/2017,1/31/2017,114.15
Cristina,Woods,Operating,155711691,1/1/2017,1/31/2017,131.68
Clayton,Woodward,General,155745657,1/1/2017,1/31/2017,116.35
Bernard,Wright,General,122392761,1/1/2017,1/31/2017,126.25
Perla,Wu,General,239091933,1/1/2017,1/31/2017,109.60
Haley,Wyatt,General,105699330,1/1/2017,1/31/2017,134.85
Ricky,Yang,General,155695707,1/1/2017,1/31/2017,135.68
Dax,Yates,General,139098180,1/1/2017,1/31/2017,106.80
Cristal,Yoder,General,139081197,1/1/2017,1/31/2017,115.30
Devin,York,General,205779996,1/1/2017,1/31/2017,99.00
Stephen,Young,General,155726676,1/1/2017,1/31/2017,125.85
Yamilet,Yu,Operating,189097554,1/1/2017,1/31/2017,106.95
Billy,Zamora,General,105768261,1/1/2017,1/31/2017,105.20
Dante,Zhang,Operating ,139116162,1/1/2017,1/31/2017,97.80
Kai,Zimmerman,General,255766383,1/1/2017,1/31/2017,105.65
Parker,Zuniga,General,155772630,1/1/2017,1/31/2017,102.85
